{ "height":12,
 "layers":[
        {
         "data":[729, 729, 729, 700, 728, 729, 729, 729, 729, 730, 698, 729, 729, 729, 730, 0, 699, 699, 700, 698, 699, 699, 699, 699, 700, 698, 699, 699, 699, 0, 0, 699, 699, 700, 698, 699, 699, 699, 699, 700, 698, 699, 699, 699, 0, 0, 699, 699, 700, 698, 699, 699, 699, 699, 700, 698, 699, 699, 699, 0, 0, 699, 699, 700, 698, 699, 699, 699, 699, 700, 698, 699, 699, 699, 0, 0, 699, 699, 700, 698, 699, 699, 699, 699, 700, 698, 699, 699, 699, 0, 0, 699, 699, 700, 698, 699, 699, 699, 699, 700, 698, 699, 699, 699, 0, 0, 699, 699, 700, 698, 699, 699, 699, 699, 700, 698, 699, 699, 699, 0, 0, 699, 699, 700, 698, 699, 699, 699, 699, 700, 698, 699, 699, 699, 0, 0, 699, 699, 700, 698, 699, 699, 699, 699, 700, 698, 699, 0, 699, 0, 0, 759, 699, 760, 758, 759, 759, 759, 759, 760, 758, 759, 759, 760, 759, 0, 0, 0, 0, 0, 0, 0, 0, 0, 0, 0, 0, 0, 0, 0],
         "height":12,
         "name":"farground",
         "opacity":1,
         "type":"tilelayer",
         "visible":true,
         "width":15,
         "x":0,
         "y":0
        }, 
        {
         "data":[2684354871, 0, 0, 0, 0, 0, 0, 0, 0, 0, 0, 0, 0, 0, 311, 0, 0, 0, 0, 0, 0, 0, 0, 0, 0, 0, 0, 0, 0, 0, 0, 0, 0, 0, 0, 0, 0, 0, 0, 0, 0, 0, 0, 0, 0, 0, 0, 0, 0, 0, 0, 0, 0, 0, 0, 0, 0, 0, 0, 0, 0, 0, 0, 0, 0, 0, 0, 0, 0, 0, 0, 0, 0, 0, 0, 0, 0, 0, 0, 0, 0, 0, 0, 0, 0, 0, 0, 0, 0, 0, 0, 0, 0, 0, 0, 0, 0, 0, 0, 0, 0, 0, 0, 0, 0, 1073742166, 1073742136, 0, 0, 0, 0, 0, 0, 0, 0, 0, 0, 0, 311, 0, 342, 2684354871, 0, 0, 0, 0, 0, 0, 0, 0, 0, 0, 311, 341, 0, 0, 342, 2684354871, 0, 0, 0, 0, 0, 0, 0, 0, 0, 1610613044, 337, 0, 0, 337, 2684354868, 0, 0, 0, 0, 0, 0, 0, 0, 0, 1610613044, 337, 0, 0, 0, 0, 0, 0, 0, 0, 0, 0, 0, 0, 0, 0, 0, 0],
         "height":12,
         "name":"background",
         "opacity":1,
         "type":"tilelayer",
         "visible":true,
         "width":15,
         "x":0,
         "y":0
        }, 
        {
         "data":[0, 0, 0, 0, 0, 0, 0, 0, 0, 0, 0, 0, 0, 0, 0, 0, 0, 0, 0, 0, 0, 0, 0, 0, 0, 0, 0, 0, 0, 0, 0, 0, 0, 0, 0, 0, 0, 0, 0, 0, 0, 0, 0, 0, 0, 0, 0, 0, 0, 0, 0, 0, 0, 0, 0, 0, 0, 0, 0, 0, 0, 0, 0, 0, 0, 0, 0, 0, 0, 0, 0, 0, 0, 0, 0, 0, 0, 0, 0, 0, 0, 0, 0, 0, 0, 0, 0, 0, 0, 0, 0, 0, 0, 0, 0, 0, 0, 0, 0, 0, 0, 0, 0, 0, 0, 0, 0, 0, 0, 0, 0, 0, 0, 0, 0, 0, 0, 0, 0, 0, 0, 0, 0, 0, 0, 0, 0, 0, 0, 0, 0, 0, 0, 0, 0, 0, 141, 0, 0, 0, 0, 0, 0, 0, 0, 0, 0, 0, 141, 0, 0, 142, 0, 0, 0, 0, 0, 0, 0, 0, 0, 0, 0, 142, 0, 0, 0, 0, 0, 0, 0, 0, 0, 0, 0, 0, 0, 0, 0, 0],
         "height":12,
         "name":"interactive",
         "opacity":1,
         "type":"tilelayer",
         "visible":true,
         "width":15,
         "x":0,
         "y":0
        }, 
        {
         "data":[0, 0, 0, 0, 0, 0, 0, 0, 0, 0, 0, 0, 0, 0, 0, 2684354867, 0, 0, 0, 0, 0, 0, 0, 0, 0, 0, 0, 0, 0, 536871219, 2684354868, 0, 0, 0, 0, 0, 0, 0, 0, 0, 0, 0, 0, 0, 1610613044, 2684354868, 0, 0, 0, 0, 829, 829, 829, 0, 0, 0, 0, 0, 0, 1610613044, 2684354868, 0, 0, 0, 0, 0, 0, 0, 0, 0, 0, 0, 0, 0, 1610613044, 2684354868, 0, 0, 0, 0, 0, 0, 0, 0, 0, 307, 308, 308, 308, 341, 342, 308, 308, 308, 309, 0, 0, 0, 0, 0, 0, 0, 0, 0, 1610613044, 3221225813, 0, 0, 0, 0, 0, 0, 0, 0, 0, 0, 0, 0, 0, 1610613044, 2684354868, 0, 0, 0, 0, 0, 0, 0, 0, 0, 0, 0, 0, 0, 1610613044, 2684354868, 0, 0, 0, 0, 0, 0, 0, 0, 0, 0, 0, 0, 0, 1610613044, 2684354868, 0, 0, 0, 0, 0, 0, 0, 0, 0, 0, 0, 0, 0, 1610613044, 2684354901, 308, 308, 308, 308, 308, 308, 308, 308, 308, 308, 308, 308, 308, 341],
         "height":12,
         "name":"platform",
         "opacity":1,
         "type":"tilelayer",
         "visible":true,
         "width":15,
         "x":0,
         "y":0
        }, 
        {
         "data":[0, 0, 0, 0, 0, 353, 0, 353, 0, 0, 0, 0, 0, 0, 0, 0, 0, 0, 0, 0, 351, 0, 351, 0, 0, 0, 0, 0, 0, 0, 0, 0, 0, 0, 0, 351, 0, 351, 0, 0, 0, 0, 0, 0, 0, 0, 0, 0, 0, 0, 0, 0, 0, 0, 0, 0, 0, 0, 0, 0, 0, 0, 0, 0, 0, 0, 0, 0, 0, 0, 0, 0, 0, 0, 0, 0, 0, 0, 0, 0, 0, 0, 0, 0, 0, 0, 0, 0, 0, 0, 0, 0, 0, 0, 0, 0, 0, 0, 0, 0, 0, 0, 0, 0, 0, 0, 0, 0, 0, 0, 0, 0, 0, 0, 0, 0, 0, 0, 0, 0, 0, 0, 0, 0, 0, 0, 0, 0, 0, 0, 0, 0, 0, 0, 0, 0, 0, 0, 0, 0, 0, 0, 0, 0, 0, 0, 0, 0, 0, 0, 0, 0, 0, 0, 0, 0, 0, 0, 0, 0, 0, 0, 0, 0, 0, 0, 0, 0, 0, 0, 0, 0, 0, 0, 0, 0, 0, 0, 0, 0],
         "height":12,
         "name":"foreground",
         "opacity":1,
         "type":"tilelayer",
         "visible":true,
         "width":15,
         "x":0,
         "y":0
        }, 
        {
         "draworder":"topdown",
         "height":0,
         "name":"evenement",
         "objects":[
                {
                 "height":42.482,
                 "id":1,
                 "name":"exit",
                 "rotation":0,
                 "type":"exit",
                 "visible":true,
                 "width":22.5,
                 "x":273,
                 "y":189
                }, 
                {
                 "height":40,
                 "id":5,
                 "name":"begin",
                 "rotation":0,
                 "type":"begin",
                 "visible":true,
                 "width":20.5,
                 "x":21,
                 "y":189
                }, 
                {
                 "height":19.3333,
                 "id":10,
                 "name":"switch",
                 "rotation":0,
                 "type":"",
                 "visible":true,
                 "width":20.6667,
                 "x":148.667,
                 "y":211.667
                }, 
                {
                 "height":19.3333,
                 "id":12,
                 "name":"enemyStop1",
                 "rotation":0,
                 "type":"",
                 "visible":true,
                 "width":21,
                 "x":139,
                 "y":38.3333
                }, 
                {
                 "height":20.3333,
                 "id":13,
                 "name":"enemyBegin",
                 "rotation":0,
                 "type":"",
                 "visible":true,
                 "width":21.3333,
                 "x":50.3333,
                 "y":38
                }, 
                {
                 "height":19.3333,
                 "id":14,
                 "name":"enemyEnd",
                 "rotation":0,
                 "type":"",
                 "visible":true,
                 "width":20,
                 "x":210.333,
                 "y":38.3333
                }],
         "opacity":1,
         "type":"objectgroup",
         "visible":true,
         "width":0,
         "x":0,
         "y":0
        }],
 "nextobjectid":16,
 "orientation":"orthogonal",
 "renderorder":"right-down",
 "tileheight":21,
 "tilesets":[
        {
         "columns":4,
         "firstgid":1,
         "image":"collision.png",
         "imageheight":70,
         "imagewidth":280,
         "margin":0,
         "name":"hints",
         "spacing":0,
         "tilecount":4,
         "tileheight":70,
         "tilewidth":70
        }, 
        {
         "columns":30,
         "firstgid":5,
         "image":"pixel.png",
         "imageheight":692,
         "imagewidth":692,
         "margin":2,
         "name":"pixel",
         "spacing":2,
         "tilecount":900,
         "tileheight":21,
         "tilewidth":21
        }],
 "tilewidth":21,
 "version":1,
 "width":15
}