{ "height":12,
 "layers":[
        {
         "data":[0, 0, 0, 0, 0, 0, 0, 0, 0, 0, 0, 0, 0, 0, 0, 0, 0, 0, 0, 0, 0, 0, 0, 0, 0, 0, 0, 0, 0, 0, 0, 0, 0, 0, 0, 0, 0, 0, 0, 0, 0, 0, 0, 0, 0, 0, 0, 0, 0, 0, 0, 0, 0, 0, 0, 0, 0, 0, 0, 0, 0, 0, 0, 0, 0, 0, 0, 0, 0, 0, 0, 0, 0, 0, 0, 0, 0, 0, 0, 0, 0, 0, 0, 0, 0, 0, 0, 0, 0, 0, 0, 0, 0, 0, 0, 0, 0, 0, 0, 0, 0, 0, 0, 0, 0, 0, 0, 0, 0, 0, 0, 0, 0, 0, 0, 0, 0, 0, 0, 0, 0, 0, 0, 0, 0, 0, 0, 0, 0, 0, 0, 17, 3, 3, 18, 0, 0, 0, 0, 0, 0, 0, 0, 86, 0, 0, 0, 0, 0, 0, 0, 0, 0, 73, 74, 75, 0, 0, 0, 100, 3, 3, 6, 0, 0, 0, 0, 0, 0, 0, 85, 0, 7, 3, 3, 3, 5, 5, 20, 3, 3, 3, 3, 3, 3, 3, 3, 3, 21, 5, 5, 5],
         "height":12,
         "name":"background",
         "opacity":1,
         "type":"tilelayer",
         "visible":true,
         "width":16,
         "x":0,
         "y":0
        }, 
        {
         "data":[0, 0, 0, 0, 0, 0, 0, 0, 0, 0, 0, 0, 0, 0, 0, 0, 0, 0, 0, 0, 0, 0, 0, 0, 0, 0, 0, 0, 0, 0, 0, 0, 0, 0, 0, 0, 0, 0, 0, 0, 0, 0, 0, 0, 0, 0, 0, 0, 0, 0, 0, 0, 0, 0, 0, 0, 0, 0, 0, 0, 0, 0, 0, 0, 0, 0, 0, 0, 0, 0, 0, 0, 0, 0, 0, 0, 0, 0, 0, 0, 0, 0, 0, 0, 0, 0, 0, 0, 0, 0, 0, 0, 0, 0, 0, 0, 0, 0, 0, 0, 0, 0, 0, 0, 0, 0, 0, 0, 0, 0, 0, 0, 0, 0, 0, 0, 0, 0, 0, 0, 0, 0, 0, 0, 0, 0, 0, 0, 0, 0, 0, 113, 113, 113, 113, 0, 0, 0, 0, 0, 0, 0, 0, 0, 0, 0, 0, 0, 0, 0, 0, 0, 0, 0, 0, 0, 0, 0, 0, 0, 113, 113, 116, 0, 0, 0, 0, 0, 0, 0, 0, 0, 115, 113, 113, 113, 0, 0, 0, 113, 113, 113, 113, 113, 113, 113, 113, 113, 0, 0, 0, 0],
         "height":12,
         "name":"collision",
         "opacity":1,
         "type":"tilelayer",
         "visible":true,
         "width":16,
         "x":0,
         "y":0
        }, 
        {
         "draworder":"topdown",
         "height":0,
         "name":"evenement",
         "objects":[
                {
                 "height":140,
                 "id":1,
                 "name":"exit",
                 "rotation":0,
                 "type":"exit",
                 "visible":true,
                 "width":72,
                 "x":1049,
                 "y":560
                }, 
                {
                 "height":145,
                 "id":5,
                 "name":"begin",
                 "rotation":0,
                 "type":"begin",
                 "visible":true,
                 "width":73,
                 "x":-1,
                 "y":559
                }, 
                {
                 "height":0,
                 "id":8,
                 "name":"ground",
                 "polyline":[
                        {
                         "x":0,
                         "y":0
                        }, 
                        {
                         "x":146,
                         "y":-2
                        }, 
                        {
                         "x":204,
                         "y":67
                        }, 
                        {
                         "x":839,
                         "y":68
                        }, 
                        {
                         "x":897,
                         "y":-3
                        }, 
                        {
                         "x":1120,
                         "y":0
                        }, 
                        {
                         "x":1118,
                         "y":134
                        }, 
                        {
                         "x":1,
                         "y":137
                        }, 
                        {
                         "x":0,
                         "y":2
                        }, 
                        {
                         "x":0,
                         "y":5
                        }],
                 "rotation":0,
                 "type":"ground",
                 "visible":true,
                 "width":0,
                 "x":3,
                 "y":702
                }, 
                {
                 "height":0,
                 "id":9,
                 "name":"platform",
                 "polyline":[
                        {
                         "x":0,
                         "y":0
                        }, 
                        {
                         "x":154,
                         "y":3
                        }, 
                        {
                         "x":206,
                         "y":-30
                        }, 
                        {
                         "x":206,
                         "y":-70
                        }, 
                        {
                         "x":-72,
                         "y":-70
                        }, 
                        {
                         "x":-72,
                         "y":-37
                        }, 
                        {
                         "x":-30,
                         "y":-3
                        }, 
                        {
                         "x":2,
                         "y":0
                        }],
                 "rotation":0,
                 "type":"platform",
                 "visible":true,
                 "width":0,
                 "x":283,
                 "y":630
                }],
         "opacity":1,
         "type":"objectgroup",
         "visible":true,
         "width":0,
         "x":0,
         "y":0
        }],
 "nextobjectid":10,
 "orientation":"orthogonal",
 "renderorder":"right-down",
 "tileheight":70,
 "tilesets":[
        {
         "columns":14,
         "firstgid":1,
         "image":"platformerPack_industrial_tilesheet.png",
         "imageheight":560,
         "imagewidth":980,
         "margin":0,
         "name":"tileset",
         "spacing":0,
         "tilecount":112,
         "tileheight":70,
         "tilewidth":70
        }, 
        {
         "columns":4,
         "firstgid":113,
         "image":"collision.png",
         "imageheight":70,
         "imagewidth":280,
         "margin":0,
         "name":"hints",
         "spacing":0,
         "tilecount":4,
         "tileheight":70,
         "tilewidth":70
        }],
 "tilewidth":70,
 "version":1,
 "width":16
}