{ "height":12,
 "layers":[
        {
         "data":[0, 0, 0, 0, 0, 0, 0, 0, 0, 0, 0, 0, 0, 0, 0, 0, 0, 0, 0, 0, 0, 0, 0, 0, 0, 0, 0, 0, 0, 0, 0, 0, 0, 0, 0, 0, 0, 0, 0, 0, 0, 0, 0, 0, 0, 0, 0, 0, 0, 0, 0, 0, 0, 0, 0, 0, 0, 0, 0, 0, 0, 0, 0, 0, 0, 0, 0, 0, 0, 0, 0, 0, 0, 0, 0, 0, 0, 0, 0, 0, 0, 0, 0, 0, 0, 0, 0, 0, 0, 0, 0, 0, 0, 0, 0, 0, 0, 0, 0, 0, 0, 0, 0, 0, 0, 0, 0, 0, 0, 0, 0, 0, 0, 0, 0, 0, 0, 0, 0, 0, 0, 0, 0, 0, 0, 0, 0, 0, 0, 0, 0, 0, 0, 0, 0, 0, 0, 0, 0, 0, 0, 0, 0, 0, 0, 0, 0, 0, 0, 0, 0, 0, 0, 0, 0, 0, 0, 0, 0, 0, 0, 0, 0, 0, 0, 0, 0, 0, 0, 0, 0, 0, 0, 0, 0, 0, 0, 0, 0, 0],
         "height":12,
         "name":"background",
         "opacity":1,
         "type":"tilelayer",
         "visible":false,
         "width":15,
         "x":0,
         "y":0
        }, 
        {
         "data":[741, 741, 741, 741, 741, 741, 741, 741, 741, 741, 741, 741, 741, 741, 741, 741, 0, 0, 0, 0, 0, 0, 0, 0, 0, 0, 0, 0, 0, 741, 741, 0, 0, 0, 0, 0, 0, 0, 0, 0, 0, 0, 0, 0, 741, 741, 0, 0, 0, 0, 0, 0, 0, 0, 0, 0, 0, 0, 0, 741, 741, 0, 0, 0, 0, 0, 0, 0, 0, 0, 0, 0, 0, 0, 741, 741, 741, 741, 741, 0, 741, 741, 741, 741, 0, 741, 741, 741, 741, 741, 741, 0, 0, 0, 0, 0, 0, 0, 0, 0, 0, 0, 0, 0, 741, 741, 0, 0, 0, 0, 0, 0, 0, 0, 0, 0, 0, 0, 0, 741, 741, 0, 0, 0, 0, 0, 0, 0, 0, 0, 0, 0, 0, 0, 741, 741, 0, 0, 0, 0, 0, 0, 0, 0, 0, 0, 0, 0, 0, 741, 741, 0, 0, 0, 0, 0, 0, 0, 0, 0, 0, 0, 0, 0, 741, 741, 741, 741, 741, 741, 741, 741, 741, 741, 741, 741, 741, 741, 741, 741],
         "height":12,
         "name":"platform",
         "opacity":1,
         "type":"tilelayer",
         "visible":true,
         "width":15,
         "x":0,
         "y":0
        }, 
        {
         "data":[0, 0, 0, 0, 0, 0, 0, 0, 0, 0, 0, 0, 0, 0, 0, 0, 0, 0, 0, 0, 0, 0, 0, 0, 0, 0, 0, 0, 0, 0, 0, 0, 0, 0, 0, 0, 0, 0, 0, 0, 0, 0, 0, 0, 0, 0, 0, 0, 0, 0, 0, 0, 0, 0, 0, 0, 0, 0, 0, 0, 0, 0, 0, 0, 0, 0, 0, 0, 0, 0, 0, 0, 0, 0, 0, 0, 0, 0, 0, 0, 0, 0, 0, 0, 0, 0, 0, 0, 0, 0, 0, 0, 0, 0, 0, 0, 0, 0, 0, 0, 0, 0, 0, 0, 0, 0, 0, 0, 0, 0, 0, 0, 0, 0, 0, 0, 0, 0, 0, 0, 0, 0, 0, 0, 0, 0, 0, 0, 0, 0, 0, 0, 0, 0, 0, 0, 0, 0, 0, 0, 0, 0, 0, 0, 0, 0, 0, 0, 0, 0, 0, 0, 0, 0, 0, 0, 0, 0, 0, 0, 0, 0, 0, 0, 0, 0, 0, 0, 0, 0, 0, 0, 0, 0, 0, 0, 0, 0, 0, 0],
         "height":12,
         "name":"enemy hint",
         "opacity":1,
         "type":"tilelayer",
         "visible":true,
         "width":15,
         "x":0,
         "y":0
        }, 
        {
         "data":[0, 0, 0, 0, 0, 0, 0, 0, 0, 0, 0, 0, 0, 0, 0, 0, 0, 0, 0, 0, 0, 0, 0, 0, 0, 0, 0, 0, 0, 0, 0, 0, 0, 0, 0, 0, 0, 0, 0, 0, 0, 0, 0, 0, 0, 0, 0, 0, 0, 0, 0, 0, 0, 0, 0, 0, 0, 0, 0, 0, 0, 0, 0, 0, 0, 0, 0, 0, 0, 0, 0, 0, 0, 0, 0, 0, 0, 0, 0, 0, 0, 0, 0, 0, 0, 0, 0, 0, 0, 0, 0, 0, 0, 0, 0, 0, 0, 0, 0, 0, 0, 0, 0, 0, 0, 0, 0, 0, 0, 0, 0, 0, 0, 0, 0, 0, 0, 0, 0, 0, 0, 0, 0, 0, 0, 0, 0, 0, 0, 0, 0, 0, 0, 0, 0, 0, 0, 0, 0, 0, 0, 0, 0, 0, 0, 0, 0, 0, 0, 0, 0, 0, 0, 0, 0, 0, 0, 0, 0, 0, 0, 0, 0, 0, 0, 0, 0, 0, 0, 0, 0, 0, 0, 0, 0, 0, 0, 0, 0, 0],
         "height":12,
         "name":"switches hint",
         "opacity":1,
         "type":"tilelayer",
         "visible":true,
         "width":15,
         "x":0,
         "y":0
        }, 
        {
         "draworder":"topdown",
         "height":0,
         "name":"evenement",
         "objects":[
                {
                 "height":42.482,
                 "id":1,
                 "name":"exit",
                 "rotation":0,
                 "type":"exit",
                 "visible":true,
                 "width":22.5,
                 "x":273,
                 "y":189
                }, 
                {
                 "height":40,
                 "id":5,
                 "name":"begin",
                 "rotation":0,
                 "type":"begin",
                 "visible":true,
                 "width":20.5,
                 "x":21,
                 "y":189
                }],
         "opacity":1,
         "type":"objectgroup",
         "visible":true,
         "width":0,
         "x":0,
         "y":0
        }],
 "nextobjectid":10,
 "orientation":"orthogonal",
 "renderorder":"right-down",
 "tileheight":21,
 "tilesets":[
        {
         "columns":4,
         "firstgid":1,
         "image":"..\/..\/..\/projet_spec\/assets\/collision.png",
         "imageheight":70,
         "imagewidth":280,
         "margin":0,
         "name":"hints",
         "spacing":0,
         "tilecount":4,
         "tileheight":70,
         "tilewidth":70
        }, 
        {
         "columns":30,
         "firstgid":5,
         "image":"pixel.png",
         "imageheight":692,
         "imagewidth":692,
         "margin":2,
         "name":"pixel",
         "spacing":2,
         "tilecount":900,
         "tileheight":21,
         "tilewidth":21
        }],
 "tilewidth":21,
 "version":1,
 "width":15
}