{ "height":15,
 "layers":[
        {
         "data":[0, 0, 0, 0, 0, 0, 0, 0, 0, 0, 0, 0, 0, 0, 0, 0, 0, 0, 0, 0, 0, 0, 0, 0, 0, 0, 0, 0, 0, 0, 0, 0, 0, 0, 0, 0, 0, 0, 0, 0, 0, 0, 0, 0, 0, 0, 0, 407, 408, 408, 408, 408, 408, 408, 408, 408, 409, 0, 0, 0, 1610613484, 0, 0, 0, 0, 0, 434, 435, 435, 435, 435, 435, 435, 435, 435, 436, 0, 0, 3221226220, 0, 748, 0, 0, 0, 0, 434, 435, 435, 435, 435, 435, 435, 435, 435, 436, 0, 0, 0, 753, 0, 0, 0, 0, 0, 464, 465, 465, 465, 465, 465, 465, 465, 465, 466, 0, 0, 0, 0, 0, 0, 0, 0, 0, 0, 0, 0, 0, 0, 0, 0, 0, 0, 0, 0, 0, 0, 0, 0, 0, 0, 0, 0, 0, 0, 0, 0, 0, 0, 0, 0, 0, 0, 0, 0, 0, 0, 0, 0, 0, 0, 0, 407, 408, 408, 408, 408, 408, 408, 408, 408, 409, 0, 0, 256, 257, 258, 0, 0, 0, 0, 434, 435, 435, 435, 435, 435, 435, 435, 435, 436, 0, 0, 0, 753, 0, 0, 0, 0, 0, 434, 435, 435, 435, 435, 435, 435, 435, 435, 436, 0, 0, 0, 0, 0, 0, 0, 0, 0, 464, 465, 465, 465, 465, 465, 465, 465, 465, 466, 0, 0, 0, 0, 0, 0, 0, 0, 0, 0, 0, 0, 0, 0, 0, 0, 0, 0, 0, 0, 0, 0, 0, 0, 0, 0, 0, 0, 0, 0, 0, 0, 0, 0, 0, 0, 0, 0, 0, 0, 0, 0, 0, 0, 0, 0, 0, 0, 0, 0, 0, 0, 0, 0, 0, 0, 0],
         "height":15,
         "name":"controls",
         "opacity":1,
         "type":"tilelayer",
         "visible":true,
         "width":19,
         "x":0,
         "y":0
        }, 
        {
         "draworder":"topdown",
         "height":0,
         "name":"position",
         "objects":[
                {
                 "height":32,
                 "id":1,
                 "name":"text1",
                 "rotation":0,
                 "type":"",
                 "visible":true,
                 "width":128,
                 "x":152,
                 "y":52
                }, 
                {
                 "height":20,
                 "id":5,
                 "name":"text2",
                 "rotation":0,
                 "type":"",
                 "visible":true,
                 "width":116,
                 "x":152,
                 "y":148
                }, 
                {
                 "height":16,
                 "id":6,
                 "name":"text3",
                 "rotation":0,
                 "type":"",
                 "visible":true,
                 "width":240,
                 "x":32,
                 "y":208
                }],
         "opacity":1,
         "type":"objectgroup",
         "visible":true,
         "width":0,
         "x":0,
         "y":0
        }],
 "nextobjectid":7,
 "orientation":"orthogonal",
 "renderorder":"right-down",
 "tileheight":16,
 "tilesets":[
        {
         "columns":30,
         "firstgid":1,
         "image":"pixelui.png",
         "imageheight":592,
         "imagewidth":538,
         "margin":0,
         "name":"pixelui",
         "spacing":2,
         "tilecount":990,
         "tileheight":16,
         "tilewidth":16
        }],
 "tilewidth":16,
 "version":1,
 "width":19
}